,path,type,label
0,images/cell2401.png,0,0.0
1,images/cell0856.png,1,1.0
2,images/cell2457.png,1,0.0
3,images/cell1741.png,1,0.0
4,images/cell0609.png,1,1.0
5,images/cell2020.png,1,0.0
6,images/cell1875.png,1,0.0
7,images/cell0705.png,1,0.0
8,images/cell0343.png,1,0.0
9,images/cell0430.png,0,1.0
10,images/cell0974.png,0,0.0
11,images/cell1194.png,0,0.0
12,images/cell2045.png,1,0.0
13,images/cell2392.png,1,1.0
14,images/cell0176.png,1,0.33
15,images/cell2363.png,1,0.0
16,images/cell2141.png,1,0.0
17,images/cell1982.png,1,1.0
18,images/cell2060.png,1,1.0
19,images/cell0889.png,1,1.0
20,images/cell0446.png,0,1.0
21,images/cell2268.png,1,0.33
22,images/cell1212.png,0,0.0
23,images/cell0219.png,1,0.67
24,images/cell0353.png,1,0.0
25,images/cell0583.png,1,0.0
26,images/cell1058.png,0,0.0
27,images/cell0847.png,1,0.0
28,images/cell0854.png,1,1.0
29,images/cell0673.png,1,1.0
30,images/cell0013.png,0,1.0
31,images/cell0567.png,1,0.0
32,images/cell0410.png,0,0.0
33,images/cell2247.png,1,0.0
34,images/cell1399.png,0,0.67
35,images/cell2253.png,1,0.0
36,images/cell2267.png,1,0.0
37,images/cell2386.png,1,0.33
38,images/cell2251.png,1,0.0
39,images/cell1486.png,0,0.33
40,images/cell0677.png,1,0.33
41,images/cell2364.png,1,0.0
42,images/cell0543.png,1,0.0
43,images/cell0373.png,0,1.0
44,images/cell0390.png,0,1.0
45,images/cell1559.png,0,0.0
46,images/cell0284.png,1,1.0
47,images/cell0194.png,1,1.0
48,images/cell2125.png,1,0.0
49,images/cell2160.png,0,0.0
50,images/cell0850.png,1,0.0
51,images/cell1877.png,1,0.0
52,images/cell1028.png,0,0.67
53,images/cell2184.png,0,0.0
54,images/cell1524.png,0,0.0
55,images/cell0992.png,0,0.0
56,images/cell1343.png,0,0.0
57,images/cell1642.png,1,0.0
58,images/cell1578.png,0,0.0
59,images/cell2343.png,1,0.0
60,images/cell0846.png,1,0.0
61,images/cell2250.png,1,0.0
62,images/cell2408.png,0,0.33
63,images/cell0143.png,1,0.33
64,images/cell0374.png,0,1.0
65,images/cell0081.png,1,0.0
66,images/cell1344.png,0,0.0
67,images/cell1007.png,0,0.33
68,images/cell2317.png,1,0.0
69,images/cell2346.png,1,0.0
70,images/cell1663.png,1,0.0
71,images/cell2375.png,1,0.0
72,images/cell1703.png,1,0.0
73,images/cell2587.png,1,0.0
74,images/cell0171.png,1,1.0
75,images/cell0382.png,0,1.0
76,images/cell1473.png,0,0.0
77,images/cell0480.png,0,0.0
78,images/cell2345.png,1,0.0
79,images/cell1495.png,0,0.0
80,images/cell1305.png,0,0.0
81,images/cell0025.png,0,1.0
82,images/cell1624.png,1,1.0
83,images/cell1038.png,0,0.0
84,images/cell1027.png,0,0.0
85,images/cell1011.png,0,0.33
86,images/cell0823.png,1,0.0
87,images/cell1421.png,0,1.0
88,images/cell1326.png,0,0.33
89,images/cell0252.png,1,1.0
90,images/cell1576.png,0,0.0
91,images/cell1545.png,0,0.0
92,images/cell0815.png,1,0.0
93,images/cell2143.png,1,0.33
94,images/cell1482.png,0,0.0
95,images/cell0917.png,0,0.0
96,images/cell0883.png,1,1.0
97,images/cell0775.png,1,0.0
98,images/cell2573.png,1,0.33
99,images/cell2128.png,1,0.0
100,images/cell0770.png,1,0.0
101,images/cell2482.png,1,0.0
102,images/cell2303.png,1,0.0
103,images/cell1119.png,0,0.0
104,images/cell0104.png,1,0.0
105,images/cell1220.png,0,1.0
106,images/cell1019.png,0,0.0
107,images/cell0508.png,0,0.0
108,images/cell2475.png,1,0.0
109,images/cell2066.png,1,0.0
110,images/cell0821.png,1,1.0
111,images/cell0841.png,1,1.0
112,images/cell1861.png,1,0.0
113,images/cell2498.png,1,0.0
114,images/cell0381.png,0,1.0
115,images/cell1979.png,1,0.0
116,images/cell0771.png,1,0.0
117,images/cell2604.png,1,0.67
118,images/cell1394.png,0,1.0
119,images/cell0233.png,1,1.0
120,images/cell0116.png,1,0.0
121,images/cell1518.png,0,0.0
122,images/cell2316.png,1,0.0
123,images/cell1129.png,0,0.0
124,images/cell2158.png,0,0.0
125,images/cell1588.png,0,0.0
126,images/cell1930.png,1,0.33
127,images/cell0251.png,1,1.0
128,images/cell1536.png,0,0.0
129,images/cell1277.png,0,0.0
130,images/cell2426.png,0,0.0
131,images/cell0245.png,1,1.0
132,images/cell1683.png,1,0.0
133,images/cell0672.png,1,1.0
134,images/cell0159.png,1,0.0
135,images/cell1581.png,0,0.0
136,images/cell0394.png,0,1.0
137,images/cell0316.png,1,1.0
138,images/cell1128.png,0,1.0
139,images/cell0325.png,1,0.33
140,images/cell1501.png,0,0.0
141,images/cell1892.png,1,0.0
142,images/cell1751.png,1,0.0
143,images/cell1603.png,0,0.0
144,images/cell1829.png,1,0.0
145,images/cell1369.png,0,0.33
146,images/cell2366.png,1,0.0
147,images/cell0535.png,0,1.0
148,images/cell0744.png,1,1.0
149,images/cell1560.png,0,0.0
150,images/cell0527.png,0,1.0
151,images/cell2294.png,1,0.33
152,images/cell0785.png,1,0.0
153,images/cell2030.png,1,0.0
154,images/cell0899.png,1,1.0
155,images/cell2387.png,1,0.0
156,images/cell2524.png,1,0.0
157,images/cell2520.png,1,0.0
158,images/cell0337.png,1,0.0
159,images/cell1108.png,0,1.0
160,images/cell1208.png,0,0.0
161,images/cell2077.png,1,0.33
162,images/cell2564.png,1,0.0
163,images/cell1621.png,1,1.0
164,images/cell1811.png,1,0.0
165,images/cell1526.png,0,0.0
166,images/cell1420.png,0,1.0
167,images/cell1863.png,1,0.0
168,images/cell1989.png,1,1.0
169,images/cell1340.png,0,0.0
170,images/cell1513.png,0,0.0
171,images/cell0482.png,0,1.0
172,images/cell0722.png,1,0.0
173,images/cell1712.png,1,0.0
174,images/cell2442.png,0,0.0
175,images/cell1329.png,0,0.33
176,images/cell0554.png,1,0.0
177,images/cell1029.png,0,0.0
178,images/cell0086.png,1,0.0
179,images/cell2503.png,1,0.0
180,images/cell0026.png,0,1.0
181,images/cell0007.png,0,1.0
182,images/cell1137.png,0,0.0
183,images/cell1236.png,0,0.0
184,images/cell2433.png,0,0.0
185,images/cell1707.png,1,0.0
186,images/cell1701.png,1,0.0
187,images/cell1322.png,0,0.0
188,images/cell0884.png,1,1.0
189,images/cell0686.png,1,1.0
190,images/cell0112.png,1,1.0
191,images/cell1450.png,0,0.33
192,images/cell0152.png,1,0.0
193,images/cell0099.png,1,0.0
194,images/cell1569.png,0,0.0
195,images/cell0795.png,1,1.0
196,images/cell2540.png,1,0.0
197,images/cell0472.png,0,1.0
198,images/cell0331.png,1,0.0
199,images/cell0648.png,1,0.0
200,images/cell0125.png,1,1.0
201,images/cell1293.png,0,0.0
202,images/cell1198.png,0,0.0
203,images/cell0826.png,1,0.0
204,images/cell2595.png,1,0.0
205,images/cell2049.png,1,0.0
206,images/cell0156.png,1,0.0
207,images/cell0907.png,0,0.0
208,images/cell1284.png,0,0.33
209,images/cell2175.png,0,0.0
210,images/cell0588.png,1,0.0
211,images/cell1301.png,0,0.33
212,images/cell2292.png,1,0.33
213,images/cell0173.png,1,0.0
214,images/cell1542.png,0,0.0
215,images/cell2456.png,1,1.0
216,images/cell1692.png,1,0.0
217,images/cell1384.png,0,0.67
218,images/cell2499.png,1,0.0
219,images/cell1886.png,1,0.0
220,images/cell1428.png,0,0.67
221,images/cell0203.png,1,1.0
222,images/cell1517.png,0,0.0
223,images/cell1422.png,0,1.0
224,images/cell1088.png,0,1.0
225,images/cell2526.png,1,1.0
226,images/cell1509.png,0,0.0
227,images/cell1878.png,1,0.0
228,images/cell1717.png,1,0.0
229,images/cell1054.png,0,1.0
230,images/cell1281.png,0,0.33
231,images/cell0199.png,1,1.0
232,images/cell1695.png,1,0.0
233,images/cell0938.png,0,0.0
234,images/cell0533.png,0,1.0
235,images/cell0573.png,1,0.0
236,images/cell1268.png,0,0.0
237,images/cell0596.png,1,0.0
238,images/cell1521.png,0,0.0
239,images/cell0494.png,0,1.0
240,images/cell0031.png,0,1.0
241,images/cell0951.png,0,0.0
242,images/cell0706.png,1,0.33
243,images/cell1865.png,1,0.0
244,images/cell1799.png,1,0.0
245,images/cell0788.png,1,1.0
246,images/cell2566.png,1,0.33
247,images/cell2592.png,1,0.0
248,images/cell0298.png,1,1.0
249,images/cell1398.png,0,0.33
250,images/cell1100.png,0,1.0
251,images/cell1859.png,1,0.0
252,images/cell1807.png,1,0.33
253,images/cell1134.png,0,0.0
254,images/cell2088.png,1,0.0
255,images/cell0909.png,0,0.0
256,images/cell0021.png,0,1.0
257,images/cell0489.png,0,1.0
258,images/cell0949.png,0,0.0
259,images/cell1814.png,1,0.33
260,images/cell1217.png,0,0.0
261,images/cell1064.png,0,1.0
262,images/cell1267.png,0,1.0
263,images/cell1202.png,0,0.0
264,images/cell0334.png,1,0.0
265,images/cell0584.png,1,0.0
266,images/cell1678.png,1,0.0
267,images/cell1193.png,0,0.0
268,images/cell0148.png,1,0.33
269,images/cell1499.png,0,0.0
270,images/cell2396.png,1,0.0
271,images/cell1806.png,1,0.33
272,images/cell0798.png,1,1.0
273,images/cell1323.png,0,0.0
274,images/cell2492.png,1,0.0
275,images/cell1957.png,1,1.0
276,images/cell1451.png,0,0.33
277,images/cell1968.png,1,0.0
278,images/cell0433.png,0,1.0
279,images/cell2353.png,1,0.0
280,images/cell1051.png,0,0.0
281,images/cell0536.png,0,1.0
282,images/cell1980.png,1,0.0
283,images/cell2285.png,1,0.0
284,images/cell0438.png,0,1.0
285,images/cell0953.png,0,0.0
286,images/cell2129.png,1,0.0
287,images/cell2191.png,0,0.0
288,images/cell0198.png,1,1.0
289,images/cell1364.png,0,0.0
290,images/cell1672.png,1,1.0
291,images/cell1609.png,0,0.0
292,images/cell0133.png,1,0.0
293,images/cell1096.png,0,0.0
294,images/cell1462.png,0,0.0
295,images/cell2095.png,1,0.0
296,images/cell0375.png,0,1.0
297,images/cell1693.png,1,0.0
298,images/cell1023.png,0,0.0
299,images/cell2554.png,1,1.0
300,images/cell1512.png,0,0.33
301,images/cell0704.png,1,0.0
302,images/cell2622.png,1,0.0
303,images/cell1765.png,1,0.0
304,images/cell0393.png,0,1.0
305,images/cell1691.png,1,0.0
306,images/cell1424.png,0,1.0
307,images/cell1612.png,0,0.0
308,images/cell2378.png,1,0.0
309,images/cell2545.png,1,0.0
310,images/cell1328.png,0,0.33
311,images/cell1046.png,0,1.0
312,images/cell2111.png,1,0.0
313,images/cell2427.png,0,0.67
314,images/cell2351.png,1,0.0
315,images/cell0738.png,1,1.0
316,images/cell1235.png,0,0.0
317,images/cell2115.png,1,0.0
318,images/cell1677.png,1,0.0
319,images/cell2118.png,1,0.0
320,images/cell1833.png,1,0.0
321,images/cell1411.png,0,0.67
322,images/cell0969.png,0,0.0
323,images/cell1830.png,1,0.0
324,images/cell1940.png,1,0.0
325,images/cell2610.png,1,0.0
326,images/cell1673.png,1,1.0
327,images/cell1345.png,0,0.33
328,images/cell0424.png,0,1.0
329,images/cell1154.png,0,0.0
330,images/cell1580.png,0,0.0
331,images/cell1466.png,0,0.33
332,images/cell0265.png,1,1.0
333,images/cell2163.png,0,0.0
334,images/cell1219.png,0,0.67
335,images/cell0987.png,0,0.67
336,images/cell0948.png,0,0.0
337,images/cell0668.png,1,1.0
338,images/cell1802.png,1,0.0
339,images/cell0045.png,0,1.0
340,images/cell1810.png,1,0.0
341,images/cell1583.png,0,0.0
342,images/cell2614.png,1,0.0
343,images/cell1182.png,0,1.0
344,images/cell1099.png,0,1.0
345,images/cell2321.png,1,0.0
346,images/cell0711.png,1,0.33
347,images/cell0751.png,1,0.0
348,images/cell0980.png,0,0.0
349,images/cell2563.png,1,0.0
350,images/cell0332.png,1,0.0
351,images/cell0234.png,1,0.67
352,images/cell0848.png,1,0.0
353,images/cell2462.png,1,0.0
354,images/cell1164.png,0,0.0
355,images/cell1485.png,0,0.0
356,images/cell2261.png,1,0.0
357,images/cell0822.png,1,0.0
358,images/cell0827.png,1,0.0
359,images/cell1660.png,1,0.0
360,images/cell0248.png,1,1.0
361,images/cell0871.png,1,1.0
362,images/cell0518.png,0,0.0
363,images/cell0190.png,1,1.0
364,images/cell2301.png,1,0.0
365,images/cell0182.png,1,1.0
366,images/cell1531.png,0,0.33
367,images/cell1706.png,1,0.33
368,images/cell1489.png,0,0.67
369,images/cell1729.png,1,1.0
370,images/cell1480.png,0,0.0
371,images/cell0997.png,0,0.0
372,images/cell0348.png,1,0.0
373,images/cell1243.png,0,0.67
374,images/cell0076.png,1,1.0
375,images/cell2379.png,1,0.0
376,images/cell1500.png,0,0.0
377,images/cell0132.png,1,0.0
378,images/cell1600.png,0,0.0
379,images/cell2058.png,1,0.0
380,images/cell0206.png,1,1.0
381,images/cell1052.png,0,0.0
382,images/cell1790.png,1,0.0
383,images/cell1611.png,0,0.0
384,images/cell1834.png,1,0.0
385,images/cell2597.png,1,0.0
386,images/cell0725.png,1,0.0
387,images/cell1688.png,1,0.0
388,images/cell0782.png,1,1.0
389,images/cell2616.png,1,0.33
390,images/cell0120.png,1,0.0
391,images/cell1787.png,1,0.0
392,images/cell2024.png,1,0.33
393,images/cell0273.png,1,0.0
394,images/cell2505.png,1,0.0
395,images/cell1970.png,1,0.0
396,images/cell0407.png,0,1.0
397,images/cell0681.png,1,0.0
398,images/cell0819.png,1,0.0
399,images/cell1306.png,0,1.0
400,images/cell1948.png,1,0.0
401,images/cell1773.png,1,0.0
402,images/cell0232.png,1,1.0
403,images/cell1916.png,1,0.0
404,images/cell1055.png,0,1.0
405,images/cell2307.png,1,0.0
406,images/cell1942.png,1,0.33
407,images/cell1780.png,1,0.0
408,images/cell1047.png,0,0.0
409,images/cell2373.png,1,0.0
410,images/cell1331.png,0,0.33
411,images/cell1221.png,0,1.0
412,images/cell0048.png,0,1.0
413,images/cell1289.png,0,0.0
414,images/cell2116.png,1,0.0
415,images/cell1769.png,1,0.0
416,images/cell0929.png,0,0.0
417,images/cell1716.png,1,0.0
418,images/cell1953.png,1,0.67
419,images/cell1093.png,0,0.0
420,images/cell1060.png,0,0.0
421,images/cell1408.png,0,0.67
422,images/cell0310.png,1,0.0
423,images/cell1302.png,0,0.33
424,images/cell2478.png,1,0.0
425,images/cell0032.png,0,1.0
426,images/cell0185.png,1,0.33
427,images/cell2168.png,0,0.0
428,images/cell1676.png,1,0.0
429,images/cell1519.png,0,0.0
430,images/cell0069.png,1,0.0
431,images/cell2517.png,1,1.0
432,images/cell1792.png,1,0.0
433,images/cell0226.png,1,0.0
434,images/cell0763.png,1,0.0
435,images/cell0840.png,1,0.0
436,images/cell1828.png,1,0.0
437,images/cell1390.png,0,1.0
438,images/cell0688.png,1,0.0
439,images/cell0829.png,1,0.0
440,images/cell1158.png,0,0.0
441,images/cell1021.png,0,0.0
442,images/cell1738.png,1,0.0
443,images/cell1586.png,0,0.0
444,images/cell0154.png,1,0.0
445,images/cell0346.png,1,1.0
446,images/cell2170.png,0,0.0
447,images/cell1795.png,1,0.0
448,images/cell0111.png,1,0.0
449,images/cell1748.png,1,0.33
450,images/cell0089.png,1,1.0
451,images/cell0161.png,1,0.33
452,images/cell2181.png,0,0.33
453,images/cell0016.png,0,1.0
454,images/cell2059.png,1,0.0
455,images/cell2254.png,1,0.0
456,images/cell0033.png,0,1.0
457,images/cell1866.png,1,0.0
458,images/cell2356.png,1,0.0
459,images/cell1749.png,1,0.0
460,images/cell2082.png,1,0.33
461,images/cell2256.png,1,0.0
462,images/cell0842.png,1,1.0
463,images/cell0092.png,1,0.0
464,images/cell0276.png,1,0.0
465,images/cell1921.png,1,0.33
466,images/cell1283.png,0,0.33
467,images/cell2146.png,0,0.0
468,images/cell1818.png,1,0.0
469,images/cell0807.png,1,0.67
470,images/cell0913.png,0,0.0
471,images/cell1263.png,0,0.0
472,images/cell2008.png,1,0.0
473,images/cell1925.png,1,0.0
474,images/cell1061.png,0,1.0
475,images/cell2134.png,1,0.33
476,images/cell1039.png,0,0.0
477,images/cell0128.png,1,0.0
478,images/cell1908.png,1,0.33
479,images/cell1697.png,1,0.0
480,images/cell2073.png,1,0.0
481,images/cell2431.png,0,1.0
482,images/cell0635.png,1,0.0
483,images/cell1477.png,0,0.33
484,images/cell0755.png,1,0.0
485,images/cell0478.png,0,1.0
486,images/cell1929.png,1,0.0
487,images/cell0107.png,1,0.0
488,images/cell0643.png,1,1.0
489,images/cell1601.png,0,0.0
490,images/cell1231.png,0,0.0
491,images/cell0168.png,1,0.0
492,images/cell2102.png,1,0.0
493,images/cell1101.png,0,1.0
494,images/cell2506.png,1,0.0
495,images/cell0924.png,0,0.0
496,images/cell1926.png,1,0.0
497,images/cell0487.png,0,1.0
498,images/cell0702.png,1,1.0
499,images/cell1506.png,0,0.0
500,images/cell2580.png,1,0.0
501,images/cell2371.png,1,0.0
502,images/cell2192.png,0,0.0
503,images/cell1216.png,0,0.0
504,images/cell1378.png,0,0.33
505,images/cell2581.png,1,0.33
506,images/cell1575.png,0,0.0
507,images/cell1912.png,1,0.0
508,images/cell2421.png,0,0.0
509,images/cell0560.png,1,0.0
510,images/cell2305.png,1,0.0
511,images/cell0439.png,0,1.0
512,images/cell2133.png,1,0.0
513,images/cell2198.png,0,0.0
514,images/cell1709.png,1,0.0
515,images/cell2212.png,0,0.33
516,images/cell1592.png,0,0.0
517,images/cell0936.png,0,1.0
518,images/cell1213.png,0,0.0
519,images/cell1713.png,1,0.0
520,images/cell0342.png,1,1.0
521,images/cell2515.png,1,0.0
522,images/cell1225.png,0,0.0
523,images/cell0448.png,0,1.0
524,images/cell0806.png,1,1.0
525,images/cell1218.png,0,0.0
526,images/cell2161.png,0,0.0
527,images/cell2290.png,1,0.33
528,images/cell1626.png,1,1.0
529,images/cell1739.png,1,0.0
530,images/cell1222.png,0,0.67
531,images/cell1504.png,0,0.0
532,images/cell0174.png,1,0.0
533,images/cell2397.png,0,0.33
534,images/cell1135.png,0,0.0
535,images/cell2230.png,1,0.0
536,images/cell0726.png,1,0.0
537,images/cell1991.png,1,1.0
538,images/cell2539.png,1,0.0
539,images/cell2109.png,1,0.0
540,images/cell0878.png,1,1.0
541,images/cell0326.png,1,0.33
542,images/cell0767.png,1,0.0
543,images/cell1321.png,0,0.0
544,images/cell0742.png,1,1.0
545,images/cell0138.png,1,0.0
546,images/cell2519.png,1,0.0
547,images/cell0246.png,1,1.0
548,images/cell0659.png,1,0.0
549,images/cell0898.png,1,1.0
550,images/cell2231.png,1,0.0
551,images/cell0064.png,1,0.0
552,images/cell1505.png,0,0.0
553,images/cell1406.png,0,0.67
554,images/cell0816.png,1,0.33
555,images/cell0861.png,1,1.0
556,images/cell1675.png,1,0.67
557,images/cell1670.png,1,1.0
558,images/cell1549.png,0,0.0
559,images/cell0983.png,0,0.0
560,images/cell2031.png,1,0.0
561,images/cell1169.png,0,1.0
562,images/cell1138.png,0,0.0
563,images/cell1416.png,0,0.67
564,images/cell1876.png,1,0.0
565,images/cell0455.png,0,1.0
566,images/cell1798.png,1,0.0
567,images/cell0180.png,1,0.33
568,images/cell1845.png,1,0.33
569,images/cell2486.png,1,0.0
570,images/cell1304.png,0,0.33
571,images/cell1860.png,1,0.0
572,images/cell0067.png,1,0.0
573,images/cell0053.png,0,1.0
574,images/cell2322.png,1,0.0
575,images/cell2053.png,1,1.0
576,images/cell0655.png,1,0.0
577,images/cell1258.png,0,0.0
578,images/cell1774.png,1,0.0
579,images/cell1389.png,0,1.0
580,images/cell1998.png,1,0.0
581,images/cell1850.png,1,0.0
582,images/cell0703.png,1,1.0
583,images/cell0362.png,0,1.0
584,images/cell0569.png,1,0.0
585,images/cell2204.png,0,0.67
586,images/cell1763.png,1,0.0
587,images/cell1443.png,0,0.0
588,images/cell0498.png,0,1.0
589,images/cell0589.png,1,0.0
590,images/cell1747.png,1,0.0
591,images/cell1166.png,0,0.0
592,images/cell0680.png,1,1.0
593,images/cell1722.png,1,0.0
594,images/cell2360.png,1,0.0
595,images/cell2201.png,0,0.0
596,images/cell0054.png,0,1.0
597,images/cell1132.png,0,1.0
598,images/cell1853.png,1,0.33
599,images/cell0724.png,1,0.0
600,images/cell2245.png,1,0.0
601,images/cell1034.png,0,0.0
602,images/cell1087.png,0,1.0
603,images/cell0347.png,1,1.0
604,images/cell1704.png,1,0.0
605,images/cell1718.png,1,0.0
606,images/cell2137.png,1,0.33
607,images/cell1837.png,1,1.0
608,images/cell1151.png,0,0.33
609,images/cell1939.png,1,0.0
610,images/cell0698.png,1,0.0
611,images/cell1445.png,0,0.0
612,images/cell1662.png,1,0.0
613,images/cell2390.png,1,0.0
614,images/cell2458.png,1,0.0
615,images/cell1076.png,0,0.0
616,images/cell1183.png,0,0.0
617,images/cell1746.png,1,0.33
618,images/cell0919.png,0,0.0
619,images/cell2516.png,1,1.0
620,images/cell2081.png,1,1.0
621,images/cell0529.png,0,1.0
622,images/cell0073.png,1,0.67
623,images/cell1121.png,0,0.33
624,images/cell0834.png,1,1.0
625,images/cell1342.png,0,0.0
626,images/cell0651.png,1,0.0
627,images/cell2323.png,1,0.33
628,images/cell0465.png,0,0.0
629,images/cell1964.png,1,1.0
630,images/cell0207.png,1,0.33
631,images/cell0682.png,1,1.0
632,images/cell0318.png,1,0.0
633,images/cell2370.png,1,0.0
634,images/cell2454.png,1,0.0
635,images/cell0066.png,1,0.0
636,images/cell1525.png,0,0.0
637,images/cell1215.png,0,0.0
638,images/cell2076.png,1,0.33
639,images/cell0030.png,0,1.0
640,images/cell2399.png,0,0.0
641,images/cell0864.png,1,1.0
642,images/cell1726.png,1,0.0
643,images/cell0287.png,1,1.0
644,images/cell2596.png,1,0.33
645,images/cell0549.png,1,0.0
646,images/cell1896.png,1,1.0
647,images/cell2103.png,1,0.0
648,images/cell2196.png,0,0.33
649,images/cell0017.png,0,1.0
650,images/cell2197.png,0,0.33
651,images/cell0142.png,1,0.0
652,images/cell1274.png,0,0.0
653,images/cell0372.png,0,1.0
654,images/cell0345.png,1,0.0
655,images/cell1012.png,0,0.0
656,images/cell0568.png,1,0.0
657,images/cell1597.png,0,0.0
658,images/cell1376.png,0,0.67
659,images/cell1540.png,0,0.33
660,images/cell0561.png,1,0.0
661,images/cell0297.png,1,1.0
662,images/cell1191.png,0,0.0
663,images/cell2568.png,1,0.33
664,images/cell0458.png,0,1.0
665,images/cell0700.png,1,1.0
666,images/cell0204.png,1,0.67
667,images/cell1030.png,0,1.0
668,images/cell0513.png,0,1.0
669,images/cell2606.png,1,0.0
670,images/cell0592.png,1,1.0
671,images/cell0164.png,1,1.0
672,images/cell0167.png,1,1.0
673,images/cell2309.png,1,0.0
674,images/cell0715.png,1,1.0
675,images/cell2009.png,1,0.0
676,images/cell0512.png,0,1.0
677,images/cell0932.png,0,0.0
678,images/cell0970.png,0,0.67
679,images/cell1987.png,1,0.0
680,images/cell2275.png,1,0.0
681,images/cell0985.png,0,0.0
682,images/cell0216.png,1,0.33
683,images/cell1915.png,1,0.0
684,images/cell0127.png,1,0.33
685,images/cell1816.png,1,0.0
686,images/cell2131.png,1,0.33
687,images/cell0306.png,1,0.0
688,images/cell0921.png,0,0.33
689,images/cell2023.png,1,0.33
690,images/cell1532.png,0,0.0
691,images/cell1570.png,0,0.0
692,images/cell1752.png,1,0.33
693,images/cell0865.png,1,1.0
694,images/cell2398.png,0,0.0
695,images/cell1488.png,0,0.0
696,images/cell1360.png,0,0.0
697,images/cell0097.png,1,0.0
698,images/cell0172.png,1,0.0
699,images/cell0470.png,0,1.0
700,images/cell0365.png,0,1.0
701,images/cell2419.png,0,0.0
702,images/cell0165.png,1,1.0
703,images/cell2221.png,1,0.0
704,images/cell2302.png,1,0.0
705,images/cell2034.png,1,0.33
706,images/cell2015.png,1,0.33
707,images/cell1832.png,1,0.0
708,images/cell0153.png,1,0.0
709,images/cell0422.png,0,1.0
710,images/cell0014.png,0,1.0
711,images/cell0886.png,1,1.0
712,images/cell0723.png,1,0.0
713,images/cell1434.png,0,0.33
714,images/cell0766.png,1,0.0
715,images/cell1907.png,1,0.33
716,images/cell0776.png,1,0.0
717,images/cell0585.png,1,0.0
718,images/cell1275.png,0,0.0
719,images/cell1819.png,1,0.33
720,images/cell0236.png,1,0.0
721,images/cell2105.png,1,0.33
722,images/cell1471.png,0,0.0
723,images/cell0376.png,0,1.0
724,images/cell1095.png,0,0.67
725,images/cell2448.png,1,0.0
726,images/cell1152.png,0,0.0
727,images/cell0135.png,1,0.0
728,images/cell2352.png,1,0.0
729,images/cell0619.png,1,0.0
730,images/cell1171.png,0,0.0
731,images/cell0996.png,0,1.0
732,images/cell0005.png,0,1.0
733,images/cell0320.png,1,1.0
734,images/cell0959.png,0,0.0
735,images/cell2199.png,0,0.0
736,images/cell2018.png,1,1.0
737,images/cell1105.png,0,0.0
738,images/cell1478.png,0,0.67
739,images/cell1207.png,0,0.0
740,images/cell2403.png,0,0.0
741,images/cell0429.png,0,1.0
742,images/cell1913.png,1,0.33
743,images/cell0341.png,1,0.0
744,images/cell1631.png,1,1.0
745,images/cell2226.png,1,0.0
746,images/cell1779.png,1,0.0
747,images/cell2122.png,1,0.67
748,images/cell2395.png,1,0.0
749,images/cell1068.png,0,0.0
750,images/cell1838.png,1,1.0
751,images/cell1307.png,0,0.0
752,images/cell2004.png,1,0.0
753,images/cell1153.png,0,0.0
754,images/cell0802.png,1,0.33
755,images/cell1230.png,0,0.0
756,images/cell0918.png,0,0.0
757,images/cell1992.png,1,1.0
758,images/cell2443.png,0,0.0
759,images/cell2542.png,1,1.0
760,images/cell1356.png,0,0.0
761,images/cell1446.png,0,0.0
762,images/cell0593.png,1,1.0
763,images/cell0624.png,1,0.0
764,images/cell0192.png,1,1.0
765,images/cell2166.png,0,0.67
766,images/cell0281.png,1,1.0
767,images/cell0636.png,1,1.0
768,images/cell0885.png,1,1.0
769,images/cell1528.png,0,0.0
770,images/cell0894.png,1,0.33
771,images/cell1414.png,0,0.33
772,images/cell1714.png,1,0.33
773,images/cell2271.png,1,0.0
774,images/cell1311.png,0,0.0
775,images/cell1143.png,0,1.0
776,images/cell1694.png,1,0.0
777,images/cell1966.png,1,0.0
778,images/cell0639.png,1,1.0
779,images/cell1475.png,0,0.0
780,images/cell1186.png,0,0.0
781,images/cell0993.png,0,0.0
782,images/cell1492.png,0,0.33
783,images/cell1260.png,0,0.0
784,images/cell1444.png,0,0.0
785,images/cell0238.png,1,0.33
786,images/cell0633.png,1,0.0
787,images/cell1205.png,0,0.0
788,images/cell0271.png,1,1.0
789,images/cell2140.png,1,0.0
790,images/cell1104.png,0,0.67
791,images/cell2039.png,1,1.0
792,images/cell1783.png,1,0.0
793,images/cell0020.png,0,1.0
794,images/cell0820.png,1,0.0
795,images/cell1852.png,1,0.33
796,images/cell0323.png,1,1.0
797,images/cell0602.png,1,1.0
798,images/cell1111.png,0,0.0
799,images/cell0888.png,1,1.0
800,images/cell0160.png,1,1.0
801,images/cell0868.png,1,1.0
802,images/cell2584.png,1,0.33
803,images/cell0650.png,1,0.0
804,images/cell0408.png,0,1.0
805,images/cell0837.png,1,1.0
806,images/cell0087.png,1,0.33
807,images/cell0683.png,1,0.67
808,images/cell2255.png,1,0.0
809,images/cell0601.png,1,1.0
810,images/cell0880.png,1,1.0
811,images/cell1004.png,0,0.0
812,images/cell2104.png,1,0.0
813,images/cell0663.png,1,1.0
814,images/cell2172.png,0,0.67
815,images/cell2086.png,1,0.0
816,images/cell1924.png,1,0.0
817,images/cell1767.png,1,0.0
818,images/cell0813.png,1,0.0
819,images/cell1089.png,0,0.0
820,images/cell1229.png,0,0.0
821,images/cell0548.png,1,0.0
822,images/cell0043.png,0,1.0
823,images/cell0741.png,1,1.0
824,images/cell2279.png,1,0.0
825,images/cell0261.png,1,1.0
826,images/cell0496.png,0,1.0
827,images/cell0986.png,0,0.0
828,images/cell1988.png,1,0.0
829,images/cell0539.png,0,1.0
830,images/cell2246.png,1,0.0
831,images/cell1377.png,0,0.33
832,images/cell0427.png,0,1.0
833,images/cell2209.png,0,0.0
834,images/cell1354.png,0,0.33
835,images/cell0867.png,1,1.0
836,images/cell0144.png,1,0.0
837,images/cell0719.png,1,0.0
838,images/cell1272.png,0,0.0
839,images/cell0157.png,1,0.0
840,images/cell1234.png,0,0.0
841,images/cell1644.png,1,0.0
842,images/cell2286.png,1,0.0
843,images/cell2334.png,1,1.0
844,images/cell2157.png,0,0.0
845,images/cell0808.png,1,0.0
846,images/cell0582.png,1,0.0
847,images/cell1318.png,0,0.0
848,images/cell2106.png,1,0.0
849,images/cell2411.png,0,0.0
850,images/cell0906.png,0,0.0
851,images/cell1653.png,1,1.0
852,images/cell1285.png,0,0.0
853,images/cell1555.png,0,0.0
854,images/cell0477.png,0,1.0
855,images/cell1109.png,0,1.0
856,images/cell0454.png,0,1.0
857,images/cell0305.png,1,1.0
858,images/cell1914.png,1,0.33
859,images/cell0137.png,1,0.0
860,images/cell1664.png,1,0.0
861,images/cell1430.png,0,0.33
862,images/cell0502.png,0,1.0
863,images/cell0817.png,1,1.0
864,images/cell0690.png,1,0.0
865,images/cell2142.png,1,0.33
866,images/cell0999.png,0,0.0
867,images/cell1702.png,1,0.0
868,images/cell2194.png,0,0.0
869,images/cell1895.png,1,1.0
870,images/cell0954.png,0,0.0
871,images/cell1994.png,1,0.0
872,images/cell0530.png,0,1.0
873,images/cell2487.png,1,0.0
874,images/cell1645.png,1,1.0
875,images/cell1996.png,1,0.0
876,images/cell2588.png,1,0.33
877,images/cell1750.png,1,0.33
878,images/cell0131.png,1,0.0
879,images/cell1708.png,1,0.0
880,images/cell1214.png,0,0.0
881,images/cell1291.png,0,0.0
882,images/cell0872.png,1,0.33
883,images/cell2594.png,1,0.33
884,images/cell1357.png,0,0.0
885,images/cell1393.png,0,0.67
886,images/cell0656.png,1,0.0
887,images/cell0289.png,1,1.0
888,images/cell0313.png,1,0.0
889,images/cell1920.png,1,0.33
890,images/cell2037.png,1,0.0
891,images/cell1447.png,0,0.0
892,images/cell1858.png,1,0.0
893,images/cell1884.png,1,0.0
894,images/cell0395.png,0,1.0
895,images/cell0778.png,1,0.0
896,images/cell1036.png,0,1.0
897,images/cell0308.png,1,0.0
898,images/cell0327.png,1,0.0
899,images/cell1615.png,1,1.0
900,images/cell1379.png,0,0.67
901,images/cell2262.png,1,0.0
902,images/cell1978.png,1,0.0
903,images/cell2585.png,1,0.33
904,images/cell1282.png,0,0.33
905,images/cell1839.png,1,0.67
906,images/cell2428.png,0,0.0
907,images/cell0965.png,0,0.0
908,images/cell1893.png,1,0.0
909,images/cell1743.png,1,0.33
910,images/cell0762.png,1,1.0
911,images/cell2291.png,1,0.0
912,images/cell1507.png,0,0.0
913,images/cell2238.png,1,0.0
914,images/cell2312.png,1,0.0
915,images/cell1353.png,0,0.0
916,images/cell1065.png,0,1.0
917,images/cell1303.png,0,1.0
918,images/cell1590.png,0,0.0
919,images/cell1317.png,0,0.0
920,images/cell1851.png,1,0.0
921,images/cell2514.png,1,0.0
922,images/cell0285.png,1,1.0
923,images/cell1082.png,0,0.33
924,images/cell1242.png,0,0.67
925,images/cell2244.png,1,0.0
926,images/cell1599.png,0,0.0
927,images/cell1228.png,0,0.0
928,images/cell0344.png,1,0.0
929,images/cell1078.png,0,0.0
930,images/cell0040.png,0,1.0
931,images/cell0552.png,1,0.0
932,images/cell0211.png,1,1.0
933,images/cell2523.png,1,0.0
934,images/cell1848.png,1,0.0
935,images/cell2331.png,1,0.33
936,images/cell0047.png,0,1.0
937,images/cell1879.png,1,0.0
938,images/cell0658.png,1,0.0
939,images/cell0191.png,1,0.67
940,images/cell1123.png,0,0.33
941,images/cell2269.png,1,0.0
942,images/cell0146.png,1,1.0
943,images/cell1413.png,0,0.33
944,images/cell0922.png,0,0.0
945,images/cell2612.png,1,0.33
946,images/cell1740.png,1,0.0
947,images/cell2278.png,1,0.0
948,images/cell0263.png,1,1.0
949,images/cell1503.png,0,0.0
950,images/cell1880.png,1,0.0
951,images/cell2447.png,1,0.0
952,images/cell2620.png,1,0.0
953,images/cell0774.png,1,0.0
954,images/cell0225.png,1,0.67
955,images/cell1520.png,0,0.0
956,images/cell2224.png,1,0.0
957,images/cell1550.png,0,0.0
958,images/cell0453.png,0,1.0
959,images/cell2605.png,1,0.33
960,images/cell0121.png,1,0.0
961,images/cell2304.png,1,0.0
962,images/cell1527.png,0,0.0
963,images/cell1190.png,0,0.33
964,images/cell2358.png,1,0.0
965,images/cell2306.png,1,0.0
966,images/cell1001.png,0,0.0
967,images/cell1558.png,0,0.0
968,images/cell2054.png,1,1.0
969,images/cell2057.png,1,1.0
970,images/cell0468.png,0,0.67
971,images/cell0379.png,0,1.0
972,images/cell1955.png,1,1.0
973,images/cell0317.png,1,1.0
974,images/cell0964.png,0,0.0
975,images/cell0008.png,0,1.0
976,images/cell0976.png,0,1.0
977,images/cell0516.png,0,0.67
978,images/cell1018.png,0,0.0
979,images/cell2207.png,0,1.0
980,images/cell2225.png,1,0.0
981,images/cell2061.png,1,1.0
982,images/cell0061.png,1,0.0
983,images/cell2521.png,1,0.0
984,images/cell0450.png,0,1.0
985,images/cell2216.png,0,0.0
986,images/cell2529.png,1,0.0
987,images/cell1589.png,0,1.0
988,images/cell1534.png,0,0.0
989,images/cell0640.png,1,1.0
990,images/cell1804.png,1,0.0
991,images/cell0479.png,0,1.0
992,images/cell1043.png,0,1.0
993,images/cell1279.png,0,0.33
994,images/cell1776.png,1,0.0
995,images/cell1641.png,1,0.0
996,images/cell1824.png,1,0.33
997,images/cell0436.png,0,1.0
998,images/cell0467.png,0,1.0
999,images/cell2296.png,1,0.0
1000,images/cell1737.png,1,0.0
1001,images/cell1901.png,1,1.0
1002,images/cell2313.png,1,0.0
1003,images/cell2491.png,1,0.0
1004,images/cell1211.png,0,0.0
1005,images/cell1932.png,1,0.33
1006,images/cell0831.png,1,0.0
1007,images/cell1725.png,1,0.0
1008,images/cell0039.png,0,1.0
1009,images/cell1179.png,0,0.67
1010,images/cell1397.png,0,0.33
1011,images/cell1841.png,1,0.67
1012,images/cell0223.png,1,1.0
1013,images/cell2179.png,0,0.0
1014,images/cell2259.png,1,0.0
1015,images/cell2222.png,1,0.0
1016,images/cell2000.png,1,0.0
1017,images/cell2501.png,1,0.0
1018,images/cell0671.png,1,1.0
1019,images/cell0666.png,1,1.0
1020,images/cell0604.png,1,1.0
1021,images/cell1240.png,0,0.0
1022,images/cell1951.png,1,0.0
1023,images/cell2583.png,1,0.33
1024,images/cell0857.png,1,1.0
1025,images/cell2110.png,1,0.0
1026,images/cell0119.png,1,0.0
1027,images/cell0254.png,1,0.67
1028,images/cell1771.png,1,0.67
1029,images/cell2265.png,1,0.0
1030,images/cell2135.png,1,0.0
1031,images/cell1855.png,1,0.0
1032,images/cell2310.png,1,0.0
1033,images/cell2248.png,1,0.0
1034,images/cell0637.png,1,0.0
1035,images/cell1568.png,0,0.0
1036,images/cell1608.png,0,0.0
1037,images/cell1684.png,1,0.0
1038,images/cell1919.png,1,0.33
1039,images/cell0322.png,1,1.0
1040,images/cell1791.png,1,0.0
1041,images/cell2533.png,1,0.0
1042,images/cell1239.png,0,0.0
1043,images/cell1742.png,1,0.0
1044,images/cell0466.png,0,1.0
1045,images/cell0825.png,1,0.0
1046,images/cell1241.png,0,0.0
1047,images/cell2465.png,1,0.0
1048,images/cell0881.png,1,1.0
1049,images/cell1316.png,0,0.0
1050,images/cell1071.png,0,1.0
1051,images/cell1144.png,0,0.0
1052,images/cell1204.png,0,0.33
1053,images/cell2561.png,1,0.0
1054,images/cell1417.png,0,1.0
1055,images/cell1890.png,1,1.0
1056,images/cell0227.png,1,0.33
1057,images/cell1265.png,0,0.0
1058,images/cell0071.png,1,0.0
1059,images/cell1206.png,0,0.0
1060,images/cell2047.png,1,0.0
1061,images/cell0187.png,1,1.0
1062,images/cell0647.png,1,0.0
1063,images/cell2355.png,1,0.0
1064,images/cell1415.png,0,1.0
1065,images/cell2145.png,0,0.0
1066,images/cell1464.png,0,0.0
1067,images/cell0080.png,1,0.0
1068,images/cell1941.png,1,0.33
1069,images/cell1479.png,0,0.0
1070,images/cell1314.png,0,0.0
1071,images/cell0136.png,1,0.0
1072,images/cell2559.png,1,0.0
1073,images/cell2509.png,1,1.0
1074,images/cell1959.png,1,0.33
1075,images/cell2150.png,0,0.0
1076,images/cell0544.png,1,0.0
1077,images/cell1997.png,1,0.0
1078,images/cell1665.png,1,1.0
1079,images/cell0355.png,1,0.0
1080,images/cell0082.png,1,0.0
1081,images/cell0781.png,1,1.0
1082,images/cell0545.png,1,0.0
1083,images/cell2615.png,1,0.33
1084,images/cell0292.png,1,1.0
1085,images/cell1189.png,0,0.67
1086,images/cell1461.png,0,1.0
1087,images/cell0404.png,0,1.0
1088,images/cell1976.png,1,1.0
1089,images/cell0229.png,1,1.0
1090,images/cell2404.png,0,0.0
1091,images/cell2407.png,0,0.0
1092,images/cell1846.png,1,0.0
1093,images/cell0542.png,1,0.0
1094,images/cell2038.png,1,1.0
1095,images/cell2149.png,0,0.0
1096,images/cell0241.png,1,1.0
1097,images/cell2534.png,1,0.0
1098,images/cell0667.png,1,1.0
1099,images/cell1409.png,0,0.67
1100,images/cell1366.png,0,0.33
1101,images/cell1927.png,1,0.33
1102,images/cell1309.png,0,0.0
1103,images/cell0628.png,1,0.33
1104,images/cell0693.png,1,1.0
1105,images/cell1674.png,1,1.0
1106,images/cell0034.png,0,1.0
1107,images/cell1788.png,1,0.0
1108,images/cell1185.png,0,0.0
1109,images/cell0718.png,1,0.0
1110,images/cell2028.png,1,0.0
1111,images/cell1292.png,0,0.0
1112,images/cell0873.png,1,1.0
1113,images/cell1652.png,1,1.0
1114,images/cell1139.png,0,0.0
1115,images/cell0519.png,0,0.0
1116,images/cell2369.png,1,0.67
1117,images/cell2220.png,1,0.0
1118,images/cell0257.png,1,1.0
1119,images/cell2011.png,1,0.0
1120,images/cell0739.png,1,0.0
1121,images/cell0369.png,0,0.0
1122,images/cell0405.png,0,1.0
1123,images/cell2471.png,1,0.0
1124,images/cell0170.png,1,0.0
1125,images/cell1986.png,1,0.0
1126,images/cell1168.png,0,0.33
1127,images/cell0944.png,0,0.0
1128,images/cell2476.png,1,0.0
1129,images/cell2119.png,1,0.0
1130,images/cell2415.png,0,0.0
1131,images/cell0931.png,0,0.0
1132,images/cell1449.png,0,0.0
1133,images/cell1330.png,0,0.33
1134,images/cell2152.png,0,0.0
1135,images/cell0413.png,0,0.0
1136,images/cell2151.png,0,0.0
1137,images/cell0100.png,1,0.0
1138,images/cell0222.png,1,0.67
1139,images/cell1891.png,1,0.0
1140,images/cell0102.png,1,0.0
1141,images/cell0937.png,0,0.0
1142,images/cell1049.png,0,1.0
1143,images/cell0565.png,1,0.0
1144,images/cell1476.png,0,0.33
1145,images/cell1690.png,1,0.0
1146,images/cell2367.png,1,0.67
1147,images/cell1238.png,0,0.0
1148,images/cell0709.png,1,0.0
1149,images/cell2547.png,1,1.0
1150,images/cell2577.png,1,0.33
1151,images/cell0580.png,1,0.0
1152,images/cell0679.png,1,0.0
1153,images/cell0255.png,1,1.0
1154,images/cell2420.png,0,0.0
1155,images/cell0786.png,1,1.0
1156,images/cell0891.png,1,1.0
1157,images/cell1338.png,0,0.0
1158,images/cell1731.png,1,0.67
1159,images/cell0268.png,1,1.0
1160,images/cell1782.png,1,0.0
1161,images/cell0123.png,1,0.0
1162,images/cell1584.png,0,0.0
1163,images/cell1529.png,0,0.0
1164,images/cell0902.png,0,0.0
1165,images/cell2495.png,1,0.0
1166,images/cell1945.png,1,0.0
1167,images/cell0359.png,1,0.0
1168,images/cell1882.png,1,0.0
1169,images/cell0275.png,1,1.0
1170,images/cell1928.png,1,0.33
1171,images/cell2213.png,0,0.0
1172,images/cell2470.png,1,0.0
1173,images/cell0994.png,0,1.0
1174,images/cell2237.png,1,0.0
1175,images/cell2096.png,1,0.0
1176,images/cell0035.png,0,1.0
1177,images/cell0209.png,1,0.33
1178,images/cell0729.png,1,0.0
1179,images/cell0288.png,1,1.0
1180,images/cell2589.png,1,0.33
1181,images/cell0434.png,0,1.0
1182,images/cell1426.png,0,1.0
1183,images/cell1538.png,0,0.0
1184,images/cell0830.png,1,0.0
1185,images/cell1223.png,0,1.0
1186,images/cell2108.png,1,0.0
1187,images/cell1635.png,1,1.0
1188,images/cell1433.png,0,0.33
1189,images/cell0710.png,1,0.33
1190,images/cell0882.png,1,1.0
1191,images/cell2417.png,0,0.33
1192,images/cell2359.png,1,0.0
1193,images/cell1440.png,0,1.0
1194,images/cell2264.png,1,0.0
1195,images/cell1856.png,1,0.33
1196,images/cell0900.png,1,1.0
1197,images/cell1561.png,0,0.0
1198,images/cell1195.png,0,0.67
1199,images/cell2295.png,1,0.33
1200,images/cell1541.png,0,0.0
1201,images/cell2538.png,1,1.0
1202,images/cell1815.png,1,0.0
1203,images/cell0933.png,0,0.0
1204,images/cell0058.png,0,0.33
1205,images/cell0629.png,1,0.67
1206,images/cell1020.png,0,0.0
1207,images/cell0037.png,0,1.0
1208,images/cell0027.png,0,1.0
1209,images/cell0756.png,1,0.0
1210,images/cell2571.png,1,0.33
1211,images/cell0088.png,1,0.0
1212,images/cell2114.png,1,0.0
1213,images/cell2623.png,1,0.0
1214,images/cell1162.png,0,0.67
1215,images/cell1894.png,1,0.0
1216,images/cell1474.png,0,0.0
1217,images/cell1617.png,1,0.0
1218,images/cell0979.png,0,1.0
1219,images/cell0463.png,0,1.0
1220,images/cell1448.png,0,0.33
1221,images/cell0464.png,0,1.0
1222,images/cell0473.png,0,1.0
1223,images/cell0129.png,1,0.0
1224,images/cell0442.png,0,1.0
1225,images/cell2446.png,1,1.0
1226,images/cell2215.png,0,0.0
1227,images/cell1990.png,1,0.0
1228,images/cell1523.png,0,0.0
1229,images/cell1174.png,0,1.0
1230,images/cell1553.png,0,0.0
1231,images/cell1813.png,1,0.33
1232,images/cell2483.png,1,0.33
1233,images/cell0150.png,1,0.33
1234,images/cell2362.png,1,1.0
1235,images/cell0311.png,1,0.0
1236,images/cell1372.png,0,0.33
1237,images/cell2186.png,0,0.0
1238,images/cell0264.png,1,1.0
1239,images/cell2609.png,1,0.0
1240,images/cell1287.png,0,0.0
1241,images/cell0910.png,0,0.0
1242,images/cell0389.png,0,1.0
1243,images/cell2013.png,1,0.33
1244,images/cell0915.png,0,1.0
1245,images/cell0401.png,0,1.0
1246,images/cell1441.png,0,1.0
1247,images/cell0764.png,1,0.0
1248,images/cell1453.png,0,0.0
1249,images/cell2416.png,0,0.0
1250,images/cell1548.png,0,0.0
1251,images/cell1098.png,0,1.0
1252,images/cell0940.png,0,0.0
1253,images/cell1097.png,0,1.0
1254,images/cell0018.png,0,1.0
1255,images/cell0540.png,0,0.33
1256,images/cell0435.png,0,1.0
1257,images/cell1623.png,1,1.0
1258,images/cell1591.png,0,1.0
1259,images/cell2223.png,1,0.0
1260,images/cell0428.png,0,1.0
1261,images/cell0904.png,0,0.0
1262,images/cell0441.png,0,1.0
1263,images/cell0388.png,0,1.0
1264,images/cell2043.png,1,0.0
1265,images/cell1710.png,1,0.0
1266,images/cell2001.png,1,0.0
1267,images/cell0982.png,0,0.0
1268,images/cell1643.png,1,1.0
1269,images/cell1543.png,0,0.0
1270,images/cell1452.png,0,0.33
1271,images/cell0426.png,0,1.0
1272,images/cell0380.png,0,1.0
1273,images/cell1943.png,1,0.33
1274,images/cell1862.png,1,0.0
1275,images/cell1785.png,1,0.0
1276,images/cell1883.png,1,0.0
1277,images/cell0201.png,1,1.0
1278,images/cell0333.png,1,0.0
1279,images/cell2272.png,1,0.0
1280,images/cell0220.png,1,1.0
1281,images/cell0887.png,1,1.0
1282,images/cell0943.png,0,0.0
1283,images/cell1335.png,0,0.0
1284,images/cell1392.png,0,0.67
1285,images/cell2463.png,1,0.0
1286,images/cell1899.png,1,1.0
1287,images/cell0858.png,1,1.0
1288,images/cell2136.png,1,0.33
1289,images/cell1801.png,1,0.33
1290,images/cell2217.png,1,0.0
1291,images/cell0752.png,1,0.0
1292,images/cell0457.png,0,1.0
1293,images/cell2518.png,1,0.0
1294,images/cell1630.png,1,1.0
1295,images/cell1770.png,1,0.0
1296,images/cell1209.png,0,0.33
1297,images/cell2282.png,1,0.0
1298,images/cell1947.png,1,0.0
1299,images/cell0004.png,0,0.0
1300,images/cell0792.png,1,1.0
1301,images/cell1246.png,0,0.0
1302,images/cell2234.png,1,0.0
1303,images/cell0075.png,1,0.0
1304,images/cell0963.png,0,0.0
1305,images/cell0947.png,0,0.0
1306,images/cell0877.png,1,1.0
1307,images/cell2558.png,1,0.0
1308,images/cell1008.png,0,0.67
1309,images/cell0972.png,0,0.0
1310,images/cell1965.png,1,0.67
1311,images/cell1728.png,1,1.0
1312,images/cell0958.png,0,1.0
1313,images/cell0420.png,0,1.0
1314,images/cell0534.png,0,1.0
1315,images/cell2080.png,1,0.0
1316,images/cell1349.png,0,0.0
1317,images/cell0618.png,1,1.0
1318,images/cell0575.png,1,0.0
1319,images/cell0262.png,1,0.0
1320,images/cell1648.png,1,1.0
1321,images/cell1812.png,1,0.33
1322,images/cell0966.png,0,0.0
1323,images/cell0114.png,1,0.0
1324,images/cell0029.png,0,1.0
1325,images/cell0694.png,1,1.0
1326,images/cell1337.png,0,0.0
1327,images/cell0956.png,0,0.0
1328,images/cell1401.png,0,0.0
1329,images/cell2479.png,1,0.0
1330,images/cell2062.png,1,1.0
1331,images/cell0166.png,1,0.0
1332,images/cell1732.png,1,1.0
1333,images/cell0797.png,1,0.67
1334,images/cell1163.png,0,1.0
1335,images/cell1904.png,1,1.0
1336,images/cell0314.png,1,0.0
1337,images/cell1412.png,0,0.33
1338,images/cell1931.png,1,0.0
1339,images/cell1502.png,0,0.67
1340,images/cell0242.png,1,1.0
1341,images/cell1351.png,0,0.0
1342,images/cell1775.png,1,0.0
1343,images/cell1400.png,0,0.0
1344,images/cell0205.png,1,0.67
1345,images/cell1125.png,0,0.33
1346,images/cell2218.png,1,0.0
1347,images/cell1659.png,1,0.0
1348,images/cell1350.png,0,0.0
1349,images/cell2382.png,1,0.0
1350,images/cell0301.png,1,1.0
1351,images/cell0551.png,1,0.0
1352,images/cell0324.png,1,1.0
1353,images/cell0296.png,1,1.0
1354,images/cell1715.png,1,0.0
1355,images/cell1902.png,1,0.33
1356,images/cell1431.png,0,0.33
1357,images/cell0661.png,1,1.0
1358,images/cell1735.png,1,0.0
1359,images/cell1247.png,0,0.0
1360,images/cell0249.png,1,1.0
1361,images/cell0783.png,1,0.67
1362,images/cell2069.png,1,0.0
1363,images/cell2276.png,1,0.0
1364,images/cell2374.png,1,0.0
1365,images/cell1118.png,0,0.0
1366,images/cell1333.png,0,0.33
1367,images/cell1059.png,0,1.0
1368,images/cell0443.png,0,1.0
1369,images/cell1808.png,1,0.33
1370,images/cell0973.png,0,0.0
1371,images/cell0302.png,1,0.0
1372,images/cell0184.png,1,0.33
1373,images/cell0558.png,1,0.0
1374,images/cell1605.png,0,0.0
1375,images/cell2002.png,1,0.0
1376,images/cell0669.png,1,0.33
1377,images/cell1147.png,0,1.0
1378,images/cell2326.png,1,0.33
1379,images/cell0860.png,1,1.0
1380,images/cell1261.png,0,0.0
1381,images/cell0612.png,1,1.0
1382,images/cell1017.png,0,0.0
1383,images/cell1459.png,0,0.0
1384,images/cell0505.png,0,1.0
1385,images/cell1146.png,0,1.0
1386,images/cell1546.png,0,0.0
1387,images/cell0814.png,1,0.0
1388,images/cell1496.png,0,0.0
1389,images/cell1759.png,1,0.0
1390,images/cell1103.png,0,1.0
1391,images/cell0777.png,1,0.33
1392,images/cell0237.png,1,0.0
1393,images/cell2093.png,1,0.0
1394,images/cell0509.png,0,0.0
1395,images/cell0911.png,0,1.0
1396,images/cell1382.png,0,0.67
1397,images/cell1754.png,1,0.0
1398,images/cell0028.png,0,1.0
1399,images/cell1454.png,0,1.0
1400,images/cell1365.png,0,0.33
1401,images/cell0553.png,1,0.0
1402,images/cell1889.png,1,0.0
1403,images/cell0303.png,1,1.0
1404,images/cell1407.png,0,0.67
1405,images/cell1719.png,1,0.0
1406,images/cell2572.png,1,0.33
1407,images/cell0169.png,1,0.33
1408,images/cell0370.png,0,1.0
1409,images/cell0183.png,1,0.33
1410,images/cell1887.png,1,0.0
1411,images/cell2091.png,1,0.0
1412,images/cell0616.png,1,1.0
1413,images/cell1516.png,0,0.0
1414,images/cell2569.png,1,0.0
1415,images/cell0328.png,1,0.0
1416,images/cell0631.png,1,1.0
1417,images/cell0523.png,0,1.0
1418,images/cell0787.png,1,1.0
1419,images/cell0095.png,1,0.0
1420,images/cell0115.png,1,1.0
1421,images/cell1905.png,1,0.33
1422,images/cell2100.png,1,0.0
1423,images/cell1050.png,0,1.0
1424,images/cell0769.png,1,0.0
1425,images/cell0696.png,1,1.0
1426,images/cell0843.png,1,1.0
1427,images/cell0396.png,0,1.0
1428,images/cell0941.png,0,0.0
1429,images/cell2012.png,1,0.33
1430,images/cell0397.png,0,0.0
1431,images/cell2340.png,1,0.0
1432,images/cell1535.png,0,0.0
1433,images/cell2430.png,0,0.0
1434,images/cell1074.png,0,1.0
1435,images/cell0761.png,1,0.0
1436,images/cell1130.png,0,0.33
1437,images/cell0228.png,1,1.0
1438,images/cell0863.png,1,1.0
1439,images/cell1248.png,0,0.0
1440,images/cell1634.png,1,1.0
1441,images/cell0952.png,0,0.0
1442,images/cell0462.png,0,1.0
1443,images/cell0890.png,1,1.0
1444,images/cell1949.png,1,0.0
1445,images/cell0492.png,0,1.0
1446,images/cell1649.png,1,1.0
1447,images/cell0916.png,0,1.0
1448,images/cell2531.png,1,0.0
1449,images/cell1232.png,0,0.0
1450,images/cell1871.png,1,0.0
1451,images/cell1170.png,0,0.0
1452,images/cell2413.png,0,0.33
1453,images/cell0491.png,0,1.0
1454,images/cell1469.png,0,0.0
1455,images/cell1874.png,1,0.0
1456,images/cell1067.png,0,0.0
1457,images/cell2410.png,0,0.33
1458,images/cell0421.png,0,1.0
1459,images/cell2560.png,1,0.0
1460,images/cell0432.png,0,1.0
1461,images/cell0044.png,0,1.0
1462,images/cell1122.png,0,0.33
1463,images/cell0644.png,1,1.0
1464,images/cell0294.png,1,1.0
1465,images/cell1625.png,1,1.0
1466,images/cell2527.png,1,0.0
1467,images/cell1145.png,0,0.0
1468,images/cell0811.png,1,0.0
1469,images/cell1404.png,0,0.33
1470,images/cell1114.png,0,0.0
1471,images/cell2557.png,1,0.0
1472,images/cell0247.png,1,1.0
1473,images/cell1689.png,1,0.0
1474,images/cell0267.png,1,0.33
1475,images/cell0927.png,0,0.0
1476,images/cell0057.png,0,1.0
1477,images/cell1150.png,0,0.0
1478,images/cell2511.png,1,0.0
1479,images/cell0244.png,1,1.0
1480,images/cell0955.png,0,0.0
1481,images/cell0049.png,0,1.0
1482,images/cell1091.png,0,0.0
1483,images/cell0445.png,0,0.0
1484,images/cell0215.png,1,0.33
1485,images/cell2242.png,1,0.0
1486,images/cell2593.png,1,0.0
1487,images/cell2618.png,1,0.33
1488,images/cell0283.png,1,1.0
1489,images/cell2188.png,0,0.0
1490,images/cell0460.png,0,1.0
1491,images/cell0330.png,1,0.0
1492,images/cell0052.png,0,1.0
1493,images/cell2409.png,0,0.0
1494,images/cell2087.png,1,0.0
1495,images/cell1963.png,1,0.0
1496,images/cell0908.png,0,0.0
1497,images/cell0845.png,1,0.0
1498,images/cell2021.png,1,0.33
1499,images/cell2438.png,0,1.0
1500,images/cell2289.png,1,1.0
1501,images/cell0859.png,1,1.0
1502,images/cell0002.png,0,1.0
1503,images/cell2014.png,1,1.0
1504,images/cell2477.png,1,0.0
1505,images/cell1552.png,0,0.0
1506,images/cell0678.png,1,0.67
1507,images/cell2130.png,1,0.33
1508,images/cell1847.png,1,1.0
1509,images/cell0036.png,0,1.0
1510,images/cell2602.png,1,0.0
1511,images/cell1037.png,0,0.0
1512,images/cell2444.png,0,0.0
1513,images/cell1126.png,0,0.0
1514,images/cell0202.png,1,0.67
1515,images/cell1817.png,1,0.0
1516,images/cell1346.png,0,0.33
1517,images/cell0224.png,1,0.67
1518,images/cell1961.png,1,1.0
1519,images/cell2385.png,1,0.0
1520,images/cell2556.png,1,0.0
1521,images/cell1587.png,0,0.0
1522,images/cell2036.png,1,1.0
1523,images/cell0212.png,1,1.0
1524,images/cell1403.png,0,0.33
1525,images/cell1359.png,0,0.0
1526,images/cell1371.png,0,0.33
1527,images/cell1016.png,0,0.0
1528,images/cell2203.png,0,0.0
1529,images/cell0286.png,1,1.0
1530,images/cell1249.png,0,0.0
1531,images/cell1923.png,1,0.67
1532,images/cell1760.png,1,0.0
1533,images/cell1757.png,1,0.0
1534,images/cell0163.png,1,0.0
1535,images/cell2144.png,1,0.33
1536,images/cell2078.png,1,0.0
1537,images/cell1465.png,0,0.0
1538,images/cell2003.png,1,0.0
1539,images/cell0731.png,1,0.67
1540,images/cell2562.png,1,0.0
1541,images/cell0349.png,1,0.0
1542,images/cell1881.png,1,0.0
1543,images/cell1962.png,1,1.0
1544,images/cell0130.png,1,0.0
1545,images/cell0024.png,0,1.0
1546,images/cell0358.png,1,0.0
1547,images/cell0620.png,1,1.0
1548,images/cell2611.png,1,0.0
1549,images/cell0011.png,0,0.0
1550,images/cell1362.png,0,0.0
1551,images/cell0641.png,1,1.0
1552,images/cell2067.png,1,0.0
1553,images/cell0789.png,1,0.0
1554,images/cell0749.png,1,0.0
1555,images/cell0291.png,1,0.67
1556,images/cell0070.png,1,0.67
1557,images/cell1286.png,0,0.0
1558,images/cell1300.png,0,0.33
1559,images/cell0105.png,1,0.0
1560,images/cell1794.png,1,0.0
1561,images/cell2551.png,1,0.0
1562,images/cell1944.png,1,0.0
1563,images/cell1255.png,0,0.0
1564,images/cell1547.png,0,0.0
1565,images/cell1622.png,1,1.0
1566,images/cell0685.png,1,0.33
1567,images/cell0218.png,1,0.67
1568,images/cell0178.png,1,0.33
1569,images/cell0578.png,1,1.0
1570,images/cell2576.png,1,0.33
1571,images/cell1937.png,1,0.33
1572,images/cell0186.png,1,0.33
1573,images/cell0828.png,1,0.0
1574,images/cell0896.png,1,0.67
1575,images/cell2347.png,1,0.0
1576,images/cell0193.png,1,1.0
1577,images/cell1156.png,0,0.0
1578,images/cell0713.png,1,1.0
1579,images/cell0879.png,1,1.0
1580,images/cell0141.png,1,1.0
1581,images/cell1031.png,0,0.0
1582,images/cell1276.png,0,0.0
1583,images/cell1315.png,0,1.0
1584,images/cell1827.png,1,0.0
1585,images/cell0627.png,1,0.33
1586,images/cell2195.png,0,0.0
1587,images/cell1014.png,0,0.0
1588,images/cell0315.png,1,0.0
1589,images/cell1682.png,1,0.0
1590,images/cell0912.png,0,1.0
1591,images/cell2227.png,1,0.0
1592,images/cell2598.png,1,0.0
1593,images/cell0892.png,1,1.0
1594,images/cell0336.png,1,0.0
1595,images/cell0855.png,1,1.0
1596,images/cell0140.png,1,0.0
1597,images/cell2260.png,1,0.0
1598,images/cell1160.png,0,0.33
1599,images/cell2473.png,1,0.0
1600,images/cell2252.png,1,0.0
1601,images/cell0385.png,0,1.0
1602,images/cell1685.png,1,0.0
1603,images/cell0449.png,0,0.0
1604,images/cell0617.png,1,1.0
1605,images/cell0733.png,1,0.0
1606,images/cell0714.png,1,0.67
1607,images/cell1006.png,0,0.0
1608,images/cell2402.png,0,0.0
1609,images/cell2187.png,0,0.0
1610,images/cell1032.png,0,1.0
1611,images/cell0431.png,0,1.0
1612,images/cell0179.png,1,0.0
1613,images/cell1843.png,1,1.0
1614,images/cell1917.png,1,0.0
1615,images/cell1033.png,0,0.33
1616,images/cell0692.png,1,0.0
1617,images/cell1508.png,0,0.0
1618,images/cell1116.png,0,0.0
1619,images/cell1395.png,0,0.33
1620,images/cell0780.png,1,0.0
1621,images/cell0354.png,1,0.0
1622,images/cell1133.png,0,0.0
1623,images/cell2570.png,1,0.33
1624,images/cell0402.png,0,1.0
1625,images/cell2117.png,1,0.0
1626,images/cell0945.png,0,0.0
1627,images/cell1002.png,0,0.0
1628,images/cell1470.png,0,0.0
1629,images/cell2603.png,1,0.0
1630,images/cell1607.png,0,0.0
1631,images/cell0531.png,0,1.0
1632,images/cell2613.png,1,0.0
1633,images/cell2452.png,1,0.0
1634,images/cell2241.png,1,0.0
1635,images/cell0461.png,0,1.0
1636,images/cell0804.png,1,1.0
1637,images/cell0707.png,1,1.0
1638,images/cell1956.png,1,1.0
1639,images/cell1106.png,0,0.0
1640,images/cell1537.png,0,0.0
1641,images/cell1294.png,0,0.0
1642,images/cell0486.png,0,1.0
1643,images/cell0743.png,1,1.0
1644,images/cell2098.png,1,0.0
1645,images/cell1960.png,1,0.0
1646,images/cell1764.png,1,0.0
1647,images/cell1668.png,1,1.0
1648,images/cell2536.png,1,1.0
1649,images/cell1022.png,0,0.67
1650,images/cell2500.png,1,0.0
1651,images/cell2522.png,1,0.0
1652,images/cell1159.png,0,0.33
1653,images/cell0812.png,1,1.0
1654,images/cell2445.png,1,0.0
1655,images/cell2214.png,0,0.0
1656,images/cell1494.png,0,0.33
1657,images/cell1554.png,0,0.0
1658,images/cell0926.png,0,0.0
1659,images/cell1699.png,1,0.0
1660,images/cell1567.png,0,0.33
1661,images/cell2257.png,1,0.0
1662,images/cell1650.png,1,1.0
1663,images/cell2472.png,1,0.0
1664,images/cell1761.png,1,1.0
1665,images/cell1627.png,1,1.0
1666,images/cell0451.png,0,1.0
1667,images/cell0803.png,1,0.0
1668,images/cell2084.png,1,0.33
1669,images/cell2513.png,1,0.0
1670,images/cell0935.png,0,0.0
1671,images/cell1120.png,0,0.0
1672,images/cell0366.png,0,1.0
1673,images/cell1336.png,0,0.0
1674,images/cell2182.png,0,0.0
1675,images/cell1789.png,1,0.0
1676,images/cell1148.png,0,0.0
1677,images/cell1270.png,0,0.0
1678,images/cell2619.png,1,0.0
1679,images/cell1766.png,1,0.0
1680,images/cell2229.png,1,0.0
1681,images/cell1820.png,1,1.0
1682,images/cell0773.png,1,1.0
1683,images/cell0300.png,1,0.0
1684,images/cell0151.png,1,0.0
1685,images/cell0357.png,1,0.0
1686,images/cell0870.png,1,1.0
1687,images/cell0939.png,0,0.0
1688,images/cell2185.png,0,0.0
1689,images/cell0598.png,1,0.0
1690,images/cell0041.png,0,1.0
1691,images/cell1086.png,0,1.0
1692,images/cell1602.png,0,0.0
1693,images/cell0757.png,1,1.0
1694,images/cell1636.png,1,0.0
1695,images/cell1628.png,1,1.0
1696,images/cell0981.png,0,0.0
1697,images/cell0506.png,0,1.0
1698,images/cell0059.png,0,1.0
1699,images/cell2270.png,1,0.0
1700,images/cell1995.png,1,0.0
1701,images/cell0096.png,1,0.0
1702,images/cell0504.png,0,0.0
1703,images/cell0800.png,1,1.0
1704,images/cell1005.png,0,0.0
1705,images/cell2330.png,1,1.0
1706,images/cell0068.png,1,1.0
1707,images/cell2193.png,0,0.0
1708,images/cell2532.png,1,0.0
1709,images/cell2055.png,1,1.0
1710,images/cell2113.png,1,0.0
1711,images/cell1327.png,0,0.33
1712,images/cell1514.png,0,0.0
1713,images/cell2202.png,0,0.33
1714,images/cell1983.png,1,0.0
1715,images/cell1437.png,0,0.33
1716,images/cell0110.png,1,0.0
1717,images/cell0188.png,1,1.0
1718,images/cell0006.png,0,1.0
1719,images/cell2437.png,0,1.0
1720,images/cell0653.png,1,0.0
1721,images/cell0818.png,1,0.33
1722,images/cell0634.png,1,1.0
1723,images/cell1210.png,0,0.0
1724,images/cell2599.png,1,1.0
1725,images/cell2123.png,1,0.0
1726,images/cell0893.png,1,0.67
1727,images/cell1935.png,1,0.33
1728,images/cell2025.png,1,0.33
1729,images/cell0475.png,0,1.0
1730,images/cell0581.png,1,0.0
1731,images/cell2418.png,0,0.0
1732,images/cell1090.png,0,0.67
1733,images/cell1197.png,0,0.67
1734,images/cell1224.png,0,0.33
1735,images/cell0697.png,1,0.0
1736,images/cell2435.png,0,0.67
1737,images/cell0791.png,1,0.67
1738,images/cell1313.png,0,0.0
1739,images/cell0606.png,1,1.0
1740,images/cell0195.png,1,0.0
1741,images/cell2368.png,1,0.0
1742,images/cell1906.png,1,0.33
1743,images/cell1647.png,1,1.0
1744,images/cell0566.png,1,0.0
1745,images/cell2072.png,1,1.0
1746,images/cell2228.png,1,0.0
1747,images/cell1572.png,0,0.0
1748,images/cell0012.png,0,1.0
1749,images/cell1993.png,1,1.0
1750,images/cell1711.png,1,0.0
1751,images/cell1646.png,1,1.0
1752,images/cell1836.png,1,1.0
1753,images/cell1687.png,1,0.0
1754,images/cell1918.png,1,0.0
1755,images/cell1079.png,0,1.0
1756,images/cell1822.png,1,0.0
1757,images/cell0754.png,1,0.0
1758,images/cell1491.png,0,0.0
1759,images/cell1161.png,0,1.0
1760,images/cell0747.png,1,0.0
1761,images/cell1638.png,1,1.0
1762,images/cell1734.png,1,0.0
1763,images/cell0444.png,0,1.0
1764,images/cell1084.png,0,0.0
1765,images/cell2235.png,1,0.0
1766,images/cell0608.png,1,1.0
1767,images/cell2384.png,1,0.0
1768,images/cell0784.png,1,0.0
1769,images/cell1857.png,1,0.0
1770,images/cell0383.png,0,1.0
1771,images/cell1257.png,0,0.0
1772,images/cell2169.png,0,0.0
1773,images/cell1657.png,1,1.0
1774,images/cell0077.png,1,1.0
1775,images/cell1556.png,0,0.0
1776,images/cell0239.png,1,0.0
1777,images/cell1661.png,1,0.0
1778,images/cell2525.png,1,1.0
1779,images/cell0920.png,0,0.0
1780,images/cell0476.png,0,1.0
1781,images/cell1698.png,1,0.0
1782,images/cell0736.png,1,0.0
1783,images/cell2535.png,1,0.0
1784,images/cell2154.png,0,0.0
1785,images/cell2314.png,1,0.0
1786,images/cell0363.png,0,1.0
1787,images/cell2120.png,1,0.0
1788,images/cell1024.png,0,0.0
1789,images/cell2190.png,0,0.0
1790,images/cell1010.png,0,0.0
1791,images/cell1226.png,0,0.0
1792,images/cell2361.png,1,0.0
1793,images/cell2280.png,1,0.0
1794,images/cell0158.png,1,0.33
1795,images/cell0587.png,1,0.67
1796,images/cell0810.png,1,0.0
1797,images/cell1070.png,0,0.0
1798,images/cell0957.png,0,0.0
1799,images/cell1823.png,1,0.33
1800,images/cell0117.png,1,0.0
1801,images/cell1094.png,0,0.0
1802,images/cell2467.png,1,0.0
1803,images/cell1167.png,0,0.0
1804,images/cell0737.png,1,0.0
1805,images/cell2094.png,1,0.0
1806,images/cell0469.png,0,1.0
1807,images/cell1341.png,0,0.0
1808,images/cell0113.png,1,0.0
1809,images/cell1803.png,1,0.33
1810,images/cell0626.png,1,1.0
1811,images/cell1438.png,0,0.0
1812,images/cell2079.png,1,0.0
1813,images/cell1381.png,0,1.0
1814,images/cell2530.png,1,0.0
1815,images/cell2273.png,1,0.0
1816,images/cell1063.png,0,0.0
1817,images/cell2121.png,1,0.0
1818,images/cell0260.png,1,0.0
1819,images/cell1085.png,0,0.67
1820,images/cell0537.png,0,1.0
1821,images/cell2035.png,1,0.0
1822,images/cell1571.png,0,0.0
1823,images/cell0699.png,1,1.0
1824,images/cell0307.png,1,0.67
1825,images/cell1262.png,0,0.0
1826,images/cell0269.png,1,0.0
1827,images/cell1266.png,0,0.0
1828,images/cell1081.png,0,0.0
1829,images/cell1048.png,0,1.0
1830,images/cell1361.png,0,0.0
1831,images/cell0532.png,0,0.0
1832,images/cell1370.png,0,0.33
1833,images/cell1056.png,0,1.0
1834,images/cell1472.png,0,0.0
1835,images/cell0621.png,1,0.0
1836,images/cell2233.png,1,0.0
1837,images/cell2508.png,1,0.0
1838,images/cell2042.png,1,1.0
1839,images/cell1786.png,1,0.0
1840,images/cell0118.png,1,0.0
1841,images/cell0145.png,1,0.0
1842,images/cell1295.png,0,0.33
1843,images/cell1793.png,1,0.0
1844,images/cell0717.png,1,0.0
1845,images/cell2339.png,1,0.0
1846,images/cell0652.png,1,1.0
1847,images/cell2528.png,1,0.0
1848,images/cell0849.png,1,0.0
1849,images/cell1066.png,0,0.0
1850,images/cell2394.png,1,0.0
1851,images/cell1844.png,1,1.0
1852,images/cell1620.png,1,0.0
1853,images/cell0664.png,1,0.0
1854,images/cell2550.png,1,0.0
1855,images/cell1201.png,0,0.0
1856,images/cell1720.png,1,0.0
1857,images/cell1460.png,0,0.0
1858,images/cell2099.png,1,0.0
1859,images/cell2293.png,1,0.0
1860,images/cell2480.png,1,0.0
1861,images/cell0550.png,1,0.0
1862,images/cell0903.png,0,0.0
1863,images/cell0495.png,0,1.0
1864,images/cell0930.png,0,0.0
1865,images/cell0051.png,0,1.0
1866,images/cell1273.png,0,0.0
1867,images/cell0732.png,1,1.0
1868,images/cell0360.png,1,0.0
1869,images/cell1141.png,0,0.33
1870,images/cell0556.png,1,0.0
1871,images/cell2468.png,1,0.0
1872,images/cell1184.png,0,0.0
1873,images/cell0794.png,1,1.0
1874,images/cell1271.png,0,0.0
1875,images/cell1551.png,0,0.0
1876,images/cell1805.png,1,0.0
1877,images/cell2239.png,1,0.0
1878,images/cell1053.png,0,1.0
1879,images/cell2236.png,1,0.0
1880,images/cell0253.png,1,1.0
1881,images/cell2357.png,1,0.0
1882,images/cell2124.png,1,0.0
1883,images/cell0607.png,1,1.0
1884,images/cell0564.png,1,1.0
1885,images/cell1142.png,0,1.0
1886,images/cell0425.png,0,0.0
1887,images/cell0368.png,0,1.0
1888,images/cell2441.png,0,0.0
1889,images/cell0646.png,1,1.0
1890,images/cell0758.png,1,0.67
1891,images/cell2211.png,0,0.0
1892,images/cell0876.png,1,1.0
1893,images/cell1984.png,1,0.0
1894,images/cell2007.png,1,0.0
1895,images/cell0392.png,0,1.0
1896,images/cell2162.png,0,0.0
1897,images/cell1419.png,0,1.0
1898,images/cell2451.png,1,0.0
1899,images/cell1192.png,0,0.0
1900,images/cell1840.png,1,0.0
1901,images/cell1388.png,0,0.33
1902,images/cell1339.png,0,0.0
1903,images/cell0083.png,1,1.0
1904,images/cell1418.png,0,1.0
1905,images/cell2348.png,1,0.0
1906,images/cell2325.png,1,0.0
1907,images/cell1797.png,1,0.0
1908,images/cell0062.png,1,0.0
1909,images/cell2027.png,1,0.0
1910,images/cell1062.png,0,0.0
1911,images/cell1355.png,0,0.0
1912,images/cell2177.png,0,0.0
1913,images/cell0361.png,0,1.0
1914,images/cell1442.png,0,0.0
1915,images/cell2048.png,1,0.0
1916,images/cell0675.png,1,1.0
1917,images/cell0750.png,1,0.0
1918,images/cell1595.png,0,0.0
1919,images/cell0563.png,1,0.0
1920,images/cell2026.png,1,0.0
1921,images/cell0437.png,0,1.0
1922,images/cell0175.png,1,0.0
1923,images/cell1312.png,0,0.0
1924,images/cell1831.png,1,0.0
1925,images/cell0055.png,0,1.0
1926,images/cell0278.png,1,1.0
1927,images/cell1113.png,0,0.0
1928,images/cell1075.png,0,1.0
1929,images/cell2405.png,0,0.0
1930,images/cell1155.png,0,0.0
1931,images/cell1035.png,0,0.0
1932,images/cell1015.png,0,0.0
1933,images/cell0181.png,1,1.0
1934,images/cell1973.png,1,0.0
1935,images/cell1244.png,0,0.0
1936,images/cell1897.png,1,1.0
1937,images/cell0526.png,0,0.0
1938,images/cell0712.png,1,1.0
1939,images/cell2335.png,1,1.0
1940,images/cell0946.png,0,0.0
1941,images/cell1157.png,0,0.0
1942,images/cell0687.png,1,1.0
1943,images/cell1383.png,0,0.67
1944,images/cell0720.png,1,0.0
1945,images/cell0630.png,1,0.33
1946,images/cell0415.png,0,1.0
1947,images/cell1573.png,0,0.0
1948,images/cell1596.png,0,0.33
1949,images/cell0623.png,1,0.0
1950,images/cell1958.png,1,0.0
1951,images/cell0208.png,1,1.0
1952,images/cell0403.png,0,1.0
1953,images/cell1604.png,0,0.0
1954,images/cell0934.png,0,0.0
1955,images/cell0521.png,0,1.0
1956,images/cell1425.png,0,0.67
1957,images/cell2156.png,0,0.0
1958,images/cell0809.png,1,0.0
1959,images/cell2068.png,1,1.0
1960,images/cell1110.png,0,0.0
1961,images/cell2070.png,1,1.0
1962,images/cell0418.png,0,1.0
1963,images/cell1487.png,0,0.33
1964,images/cell0364.png,0,1.0
1965,images/cell2459.png,1,0.0
1966,images/cell2052.png,1,1.0
1967,images/cell1000.png,0,0.0
1968,images/cell1922.png,1,0.0
1969,images/cell0852.png,1,1.0
1970,images/cell0406.png,0,1.0
1971,images/cell1671.png,1,1.0
1972,images/cell0597.png,1,0.33
1973,images/cell0280.png,1,1.0
1974,images/cell2393.png,1,0.0
1975,images/cell1681.png,1,0.0
1976,images/cell2494.png,1,0.0
1977,images/cell0155.png,1,1.0
1978,images/cell0862.png,1,1.0
1979,images/cell0942.png,0,0.0
1980,images/cell1176.png,0,0.0
1981,images/cell2288.png,1,0.33
1982,images/cell0098.png,1,0.33
1983,images/cell1250.png,0,0.0
1984,images/cell0844.png,1,0.0
1985,images/cell2063.png,1,0.0
1986,images/cell0240.png,1,0.33
1987,images/cell1724.png,1,0.0
1988,images/cell2180.png,0,0.0
1989,images/cell1484.png,0,0.0
1990,images/cell0570.png,1,0.0
1991,images/cell0387.png,0,1.0
1992,images/cell0790.png,1,1.0
1993,images/cell0277.png,1,1.0
1994,images/cell0510.png,0,1.0
1995,images/cell2010.png,1,1.0
1996,images/cell1483.png,0,0.33
1997,images/cell0474.png,0,1.0
1998,images/cell0338.png,1,0.0
1999,images/cell0079.png,1,0.0
2000,images/cell2040.png,1,0.0
2001,images/cell2071.png,1,1.0
2002,images/cell2608.png,1,0.0
2003,images/cell0210.png,1,0.33
2004,images/cell1481.png,0,0.0
2005,images/cell1606.png,0,0.0
2006,images/cell1753.png,1,0.0
2007,images/cell1530.png,0,0.0
2008,images/cell2484.png,1,0.33
2009,images/cell0824.png,1,0.0
2010,images/cell1938.png,1,0.0
2011,images/cell1423.png,0,1.0
2012,images/cell0050.png,0,1.0
2013,images/cell1175.png,0,1.0
2014,images/cell0622.png,1,0.0
2015,images/cell2543.png,1,0.0
2016,images/cell2319.png,1,0.0
2017,images/cell1936.png,1,0.0
2018,images/cell1363.png,0,0.0
2019,images/cell0833.png,1,0.0
2020,images/cell1308.png,0,1.0
2021,images/cell0409.png,0,1.0
2022,images/cell0524.png,0,1.0
2023,images/cell1429.png,0,0.33
2024,images/cell2469.png,1,0.0
2025,images/cell1072.png,0,0.0
2026,images/cell1835.png,1,0.33
2027,images/cell0928.png,0,0.0
2028,images/cell0684.png,1,0.67
2029,images/cell2336.png,1,1.0
2030,images/cell2474.png,1,0.0
2031,images/cell2174.png,0,0.0
2032,images/cell1427.png,0,1.0
2033,images/cell1655.png,1,1.0
2034,images/cell1467.png,0,0.0
2035,images/cell0799.png,1,1.0
2036,images/cell0221.png,1,1.0
2037,images/cell1909.png,1,0.0
2038,images/cell0851.png,1,1.0
2039,images/cell0484.png,0,1.0
2040,images/cell2183.png,0,1.0
2041,images/cell1565.png,0,0.0
2042,images/cell0091.png,1,1.0
2043,images/cell0122.png,1,0.0
2044,images/cell1911.png,1,0.0
2045,images/cell0748.png,1,1.0
2046,images/cell1256.png,0,0.0
2047,images/cell0759.png,1,1.0
2048,images/cell2342.png,1,0.0
2049,images/cell0108.png,1,0.0
2050,images/cell2046.png,1,0.0
2051,images/cell0019.png,0,1.0
2052,images/cell0708.png,1,1.0
2053,images/cell1288.png,0,0.0
2054,images/cell0555.png,1,1.0
2055,images/cell0734.png,1,0.0
2056,images/cell0853.png,1,1.0
2057,images/cell0063.png,1,0.0
2058,images/cell1347.png,0,0.33
2059,images/cell2337.png,1,0.0
2060,images/cell2016.png,1,0.0
2061,images/cell0213.png,1,1.0
2062,images/cell2065.png,1,0.0
2063,images/cell0559.png,1,0.0
2064,images/cell2287.png,1,0.0
2065,images/cell2176.png,0,0.33
2066,images/cell0350.png,1,0.0
2067,images/cell0746.png,1,0.0
2068,images/cell0399.png,0,1.0
2069,images/cell0730.png,1,0.0
2070,images/cell1574.png,0,0.0
2071,images/cell1280.png,0,0.33
2072,images/cell1800.png,1,0.0
2073,images/cell2324.png,1,0.33
2074,images/cell1131.png,0,0.0
2075,images/cell0960.png,0,0.0
2076,images/cell0507.png,0,1.0
2077,images/cell0735.png,1,0.0
2078,images/cell1946.png,1,0.0
2079,images/cell0090.png,1,0.0
2080,images/cell2574.png,1,0.33
2081,images/cell2504.png,1,0.0
2082,images/cell2101.png,1,0.0
2083,images/cell2624.png,1,0.0
2084,images/cell2590.png,1,0.0
2085,images/cell1009.png,0,0.0
2086,images/cell2017.png,1,1.0
2087,images/cell2153.png,0,0.0
2088,images/cell1396.png,0,1.0
2089,images/cell0060.png,0,0.0
2090,images/cell1952.png,1,0.0
2091,images/cell1577.png,0,0.0
2092,images/cell2372.png,1,0.0
2093,images/cell2591.png,1,0.0
2094,images/cell0901.png,0,0.0
2095,images/cell1200.png,0,0.0
2096,images/cell0101.png,1,0.0
2097,images/cell0384.png,0,1.0
2098,images/cell1173.png,0,1.0
